ds,y
2018-03-01 00:00:00,13286
2018-03-01 00:30:00,13050
2018-03-01 01:00:00,12532
2018-03-01 01:30:00,12133
2018-03-01 02:00:00,11809
2018-03-01 02:30:00,11812
2018-03-01 03:00:00,11619
2018-03-01 03:30:00,11451
2018-03-01 04:00:00,11347
2018-03-01 04:30:00,11308
2018-03-01 05:00:00,11407
2018-03-01 05:30:00,11768
2018-03-01 06:00:00,11982
2018-03-01 06:30:00,12514
2018-03-01 07:00:00,12793
2018-03-01 07:30:00,13254
2018-03-01 08:00:00,13678
2018-03-01 08:30:00,13960
2018-03-01 09:00:00,14259
2018-03-01 09:30:00,14453
2018-03-01 10:00:00,14630
2018-03-01 10:30:00,14786
2018-03-01 11:00:00,14869
2018-03-01 11:30:00,14788
2018-03-01 12:00:00,14883
2018-03-01 12:30:00,14812
2018-03-01 13:00:00,14654
2018-03-01 13:30:00,14520
2018-03-01 14:00:00,14302
2018-03-01 14:30:00,14262
2018-03-01 15:00:00,14002
2018-03-01 15:30:00,13733
2018-03-01 16:00:00,13690
2018-03-01 16:30:00,13619
2018-03-01 17:00:00,13658
2018-03-01 17:30:00,13640
2018-03-01 18:00:00,13737
2018-03-01 18:30:00,13967
2018-03-01 19:00:00,14480
2018-03-01 19:30:00,14605
2018-03-01 20:00:00,14491
2018-03-01 20:30:00,13905
2018-03-01 21:00:00,13525
2018-03-01 21:30:00,13063
2018-03-01 22:00:00,12698
2018-03-01 22:30:00,12743
2018-03-01 23:00:00,13151
2018-03-01 23:30:00,12795
2018-03-02 00:00:00,12462
2018-03-02 00:30:00,12175
2018-03-02 01:00:00,11748
2018-03-02 01:30:00,11283
2018-03-02 02:00:00,10934
2018-03-02 02:30:00,10871
2018-03-02 03:00:00,10724
2018-03-02 03:30:00,10532
2018-03-02 04:00:00,10422
2018-03-02 04:30:00,10444
2018-03-02 05:00:00,10458
2018-03-02 05:30:00,10646
2018-03-02 06:00:00,11016
2018-03-02 06:30:00,11512
2018-03-02 07:00:00,11833
2018-03-02 07:30:00,12376
2018-03-02 08:00:00,12777
2018-03-02 08:30:00,13153
2018-03-02 09:00:00,13359
2018-03-02 09:30:00,13448
2018-03-02 10:00:00,13563
2018-03-02 10:30:00,13682
2018-03-02 11:00:00,13771
2018-03-02 11:30:00,13713
2018-03-02 12:00:00,13846
2018-03-02 12:30:00,13704
2018-03-02 13:00:00,13484
2018-03-02 13:30:00,13178
2018-03-02 14:00:00,12869
2018-03-02 14:30:00,12890
2018-03-02 15:00:00,12549
2018-03-02 15:30:00,12291
2018-03-02 16:00:00,12084
2018-03-02 16:30:00,11958
2018-03-02 17:00:00,11855
2018-03-02 17:30:00,11847
2018-03-02 18:00:00,11914
2018-03-02 18:30:00,12084
2018-03-02 19:00:00,12692
2018-03-02 19:30:00,12872
2018-03-02 20:00:00,12802
2018-03-02 20:30:00,12439
2018-03-02 21:00:00,12046
2018-03-02 21:30:00,11656
2018-03-02 22:00:00,11237
2018-03-02 22:30:00,11387
2018-03-02 23:00:00,11915
2018-03-02 23:30:00,11610
2018-03-03 00:00:00,11344
2018-03-03 00:30:00,11157
2018-03-03 01:00:00,10711
2018-03-03 01:30:00,10387
2018-03-03 02:00:00,9951
2018-03-03 02:30:00,9931
2018-03-03 03:00:00,9657
2018-03-03 03:30:00,9558
2018-03-03 04:00:00,9409
2018-03-03 04:30:00,9386
2018-03-03 05:00:00,9427
2018-03-03 05:30:00,9549
2018-03-03 06:00:00,9651
2018-03-03 06:30:00,9783
2018-03-03 07:00:00,9870
2018-03-03 07:30:00,10163
2018-03-03 08:00:00,10220
2018-03-03 08:30:00,10451
2018-03-03 09:00:00,10877
2018-03-03 09:30:00,11167
2018-03-03 10:00:00,11430
2018-03-03 10:30:00,11525
2018-03-03 11:00:00,11635
2018-03-03 11:30:00,11702
2018-03-03 12:00:00,11738
2018-03-03 12:30:00,11771
2018-03-03 13:00:00,11595
2018-03-03 13:30:00,11427
2018-03-03 14:00:00,11120
2018-03-03 14:30:00,11039
2018-03-03 15:00:00,10714
2018-03-03 15:30:00,10355
2018-03-03 16:00:00,10112
2018-03-03 16:30:00,10083
2018-03-03 17:00:00,10128
2018-03-03 17:30:00,10232
2018-03-03 18:00:00,10290
2018-03-03 18:30:00,10512
2018-03-03 19:00:00,11099
2018-03-03 19:30:00,11370
2018-03-03 20:00:00,11311
2018-03-03 20:30:00,11068
2018-03-03 21:00:00,10765
2018-03-03 21:30:00,10580
2018-03-03 22:00:00,10353
2018-03-03 22:30:00,10415
2018-03-03 23:00:00,10992
2018-03-03 23:30:00,10707
2018-03-04 00:00:00,10455
2018-03-04 00:30:00,10346
2018-03-04 01:00:00,9953
2018-03-04 01:30:00,9581
2018-03-04 02:00:00,9305
2018-03-04 02:30:00,9121
2018-03-04 03:00:00,8867
2018-03-04 03:30:00,8760
2018-03-04 04:00:00,8586
2018-03-04 04:30:00,8556
2018-03-04 05:00:00,8550
2018-03-04 05:30:00,8689
2018-03-04 06:00:00,8693
2018-03-04 06:30:00,8751
2018-03-04 07:00:00,8759
2018-03-04 07:30:00,8816
2018-03-04 08:00:00,8893
2018-03-04 08:30:00,9200
2018-03-04 09:00:00,9412
2018-03-04 09:30:00,9798
2018-03-04 10:00:00,10145
2018-03-04 10:30:00,10359
2018-03-04 11:00:00,10669
2018-03-04 11:30:00,10853
2018-03-04 12:00:00,11117
2018-03-04 12:30:00,11218
2018-03-04 13:00:00,11183
2018-03-04 13:30:00,10962
2018-03-04 14:00:00,10705
2018-03-04 14:30:00,10906
2018-03-04 15:00:00,10737
2018-03-04 15:30:00,10492
2018-03-04 16:00:00,10236
2018-03-04 16:30:00,10279
2018-03-04 17:00:00,10186
2018-03-04 17:30:00,10041
2018-03-04 18:00:00,10134
2018-03-04 18:30:00,10439
2018-03-04 19:00:00,11190
2018-03-04 19:30:00,11622
2018-03-04 20:00:00,11677
2018-03-04 20:30:00,11353
2018-03-04 21:00:00,11094
2018-03-04 21:30:00,10785
2018-03-04 22:00:00,10488
2018-03-04 22:30:00,10524
2018-03-04 23:00:00,11041
2018-03-04 23:30:00,10725
2018-03-05 00:00:00,10454
2018-03-05 00:30:00,10289
2018-03-05 01:00:00,9828
2018-03-05 01:30:00,9336
2018-03-05 02:00:00,9062
2018-03-05 02:30:00,9027
2018-03-05 03:00:00,8835
2018-03-05 03:30:00,8733
2018-03-05 04:00:00,8680
2018-03-05 04:30:00,8652
2018-03-05 05:00:00,8673
2018-03-05 05:30:00,9054
2018-03-05 06:00:00,9245
2018-03-05 06:30:00,10001
2018-03-05 07:00:00,10545
2018-03-05 07:30:00,11238
2018-03-05 08:00:00,11611
2018-03-05 08:30:00,11732
2018-03-05 09:00:00,11815
2018-03-05 09:30:00,11760
2018-03-05 10:00:00,11655
2018-03-05 10:30:00,11569
2018-03-05 11:00:00,11595
2018-03-05 11:30:00,11468
2018-03-05 12:00:00,11518
2018-03-05 12:30:00,11376
2018-03-05 13:00:00,11063
2018-03-05 13:30:00,10875
2018-03-05 14:00:00,10660
2018-03-05 14:30:00,10858
2018-03-05 15:00:00,10516
2018-03-05 15:30:00,10450
2018-03-05 16:00:00,10450
2018-03-05 16:30:00,10440
2018-03-05 17:00:00,10422
2018-03-05 17:30:00,10547
2018-03-05 18:00:00,10707
2018-03-05 18:30:00,11057
2018-03-05 19:00:00,11701
2018-03-05 19:30:00,11987
2018-03-05 20:00:00,11815
2018-03-05 20:30:00,11372
2018-03-05 21:00:00,10921
2018-03-05 21:30:00,10476
2018-03-05 22:00:00,10092
2018-03-05 22:30:00,9985
2018-03-05 23:00:00,10442
2018-03-05 23:30:00,10067
2018-03-06 00:00:00,9786
2018-03-06 00:30:00,9470
2018-03-06 01:00:00,8997
2018-03-06 01:30:00,8685
2018-03-06 02:00:00,8416
2018-03-06 02:30:00,8383
2018-03-06 03:00:00,8135
2018-03-06 03:30:00,8121
2018-03-06 04:00:00,8031
2018-03-06 04:30:00,8041
2018-03-06 05:00:00,8128
2018-03-06 05:30:00,8509
2018-03-06 06:00:00,8800
2018-03-06 06:30:00,9483
2018-03-06 07:00:00,9987
2018-03-06 07:30:00,10768
2018-03-06 08:00:00,11205
2018-03-06 08:30:00,11283
2018-03-06 09:00:00,11405
2018-03-06 09:30:00,11415
2018-03-06 10:00:00,11342
2018-03-06 10:30:00,11313
2018-03-06 11:00:00,11222
2018-03-06 11:30:00,11229
2018-03-06 12:00:00,11281
2018-03-06 12:30:00,11203
2018-03-06 13:00:00,11051
2018-03-06 13:30:00,10923
2018-03-06 14:00:00,10772
2018-03-06 14:30:00,10812
2018-03-06 15:00:00,10497
2018-03-06 15:30:00,10270
2018-03-06 16:00:00,10137
2018-03-06 16:30:00,10026
2018-03-06 17:00:00,10005
2018-03-06 17:30:00,10024
2018-03-06 18:00:00,10313
2018-03-06 18:30:00,10825
2018-03-06 19:00:00,11492
2018-03-06 19:30:00,11832
2018-03-06 20:00:00,11733
2018-03-06 20:30:00,11278
2018-03-06 21:00:00,10884
2018-03-06 21:30:00,10356
2018-03-06 22:00:00,10037
2018-03-06 22:30:00,10011
2018-03-06 23:00:00,10495
2018-03-06 23:30:00,10164
2018-03-07 00:00:00,9950
2018-03-07 00:30:00,9634
2018-03-07 01:00:00,9051
2018-03-07 01:30:00,8641
2018-03-07 02:00:00,8418
2018-03-07 02:30:00,8321
2018-03-07 03:00:00,8018
2018-03-07 03:30:00,7949
2018-03-07 04:00:00,7844
2018-03-07 04:30:00,7849
2018-03-07 05:00:00,7903
2018-03-07 05:30:00,8257
2018-03-07 06:00:00,8628
2018-03-07 06:30:00,9270
2018-03-07 07:00:00,9967
2018-03-07 07:30:00,10627
2018-03-07 08:00:00,11143
2018-03-07 08:30:00,11406
2018-03-07 09:00:00,11688
2018-03-07 09:30:00,11750
2018-03-07 10:00:00,11883
2018-03-07 10:30:00,11811
2018-03-07 11:00:00,11802
2018-03-07 11:30:00,11794
2018-03-07 12:00:00,11903
2018-03-07 12:30:00,11709
2018-03-07 13:00:00,11535
2018-03-07 13:30:00,11478
2018-03-07 14:00:00,11244
2018-03-07 14:30:00,11213
2018-03-07 15:00:00,10848
2018-03-07 15:30:00,10697
2018-03-07 16:00:00,10648
2018-03-07 16:30:00,10649
2018-03-07 17:00:00,10728
2018-03-07 17:30:00,10646
2018-03-07 18:00:00,10809
2018-03-07 18:30:00,11068
2018-03-07 19:00:00,11742
2018-03-07 19:30:00,12236
2018-03-07 20:00:00,12172
2018-03-07 20:30:00,11731
2018-03-07 21:00:00,11441
2018-03-07 21:30:00,11016
2018-03-07 22:00:00,10516
2018-03-07 22:30:00,10553
2018-03-07 23:00:00,10972
2018-03-07 23:30:00,10585
2018-03-08 00:00:00,10282
2018-03-08 00:30:00,9972
2018-03-08 01:00:00,9590
2018-03-08 01:30:00,9153
2018-03-08 02:00:00,8892
2018-03-08 02:30:00,8804
2018-03-08 03:00:00,8527
2018-03-08 03:30:00,8423
2018-03-08 04:00:00,8245
2018-03-08 04:30:00,8272
2018-03-08 05:00:00,8341
2018-03-08 05:30:00,8579
2018-03-08 06:00:00,8981
2018-03-08 06:30:00,9591
2018-03-08 07:00:00,10315
2018-03-08 07:30:00,10900
2018-03-08 08:00:00,11363
2018-03-08 08:30:00,11532
2018-03-08 09:00:00,11707
2018-03-08 09:30:00,11749
2018-03-08 10:00:00,11828
2018-03-08 10:30:00,11718
2018-03-08 11:00:00,11719
2018-03-08 11:30:00,11665
2018-03-08 12:00:00,11741
2018-03-08 12:30:00,11538
2018-03-08 13:00:00,11389
2018-03-08 13:30:00,11251
2018-03-08 14:00:00,11178
2018-03-08 14:30:00,11249
2018-03-08 15:00:00,11060
2018-03-08 15:30:00,10918
2018-03-08 16:00:00,10986
2018-03-08 16:30:00,10997
2018-03-08 17:00:00,11095
2018-03-08 17:30:00,11207
2018-03-08 18:00:00,11418
2018-03-08 18:30:00,11677
2018-03-08 19:00:00,12225
2018-03-08 19:30:00,12361
2018-03-08 20:00:00,12280
2018-03-08 20:30:00,11823
2018-03-08 21:00:00,11379
2018-03-08 21:30:00,10925
2018-03-08 22:00:00,10477
2018-03-08 22:30:00,10362
2018-03-08 23:00:00,10823
2018-03-08 23:30:00,10480
2018-03-09 00:00:00,10178
2018-03-09 00:30:00,9937
2018-03-09 01:00:00,9410
2018-03-09 01:30:00,8949
2018-03-09 02:00:00,8617
2018-03-09 02:30:00,8610
2018-03-09 03:00:00,8384
2018-03-09 03:30:00,8213
2018-03-09 04:00:00,8121
2018-03-09 04:30:00,8158
2018-03-09 05:00:00,8232
2018-03-09 05:30:00,8489
2018-03-09 06:00:00,8834
2018-03-09 06:30:00,9426
2018-03-09 07:00:00,10045
2018-03-09 07:30:00,10647
2018-03-09 08:00:00,11077
2018-03-09 08:30:00,11168
2018-03-09 09:00:00,11362
2018-03-09 09:30:00,11403
2018-03-09 10:00:00,11413
2018-03-09 10:30:00,11320
2018-03-09 11:00:00,11256
2018-03-09 11:30:00,11147
2018-03-09 12:00:00,11288
2018-03-09 12:30:00,11218
2018-03-09 13:00:00,11001
2018-03-09 13:30:00,10816
2018-03-09 14:00:00,10600
2018-03-09 14:30:00,10594
2018-03-09 15:00:00,10310
2018-03-09 15:30:00,10157
2018-03-09 16:00:00,10042
2018-03-09 16:30:00,10030
2018-03-09 17:00:00,10045
2018-03-09 17:30:00,10166
2018-03-09 18:00:00,10286
2018-03-09 18:30:00,10335
2018-03-09 19:00:00,10790
2018-03-09 19:30:00,11035
2018-03-09 20:00:00,10927
2018-03-09 20:30:00,10480
2018-03-09 21:00:00,10130
2018-03-09 21:30:00,9633
2018-03-09 22:00:00,9161
2018-03-09 22:30:00,9188
2018-03-09 23:00:00,9775
2018-03-09 23:30:00,9402
2018-03-10 00:00:00,9090
2018-03-10 00:30:00,8792
2018-03-10 01:00:00,8252
2018-03-10 01:30:00,7847
2018-03-10 02:00:00,7546
2018-03-10 02:30:00,7470
2018-03-10 03:00:00,7232
2018-03-10 03:30:00,7111
2018-03-10 04:00:00,6976
2018-03-10 04:30:00,6988
2018-03-10 05:00:00,7060
2018-03-10 05:30:00,7185
2018-03-10 06:00:00,7209
2018-03-10 06:30:00,7546
2018-03-10 07:00:00,7561
2018-03-10 07:30:00,7727
2018-03-10 08:00:00,7965
2018-03-10 08:30:00,8232
2018-03-10 09:00:00,8689
2018-03-10 09:30:00,8931
2018-03-10 10:00:00,9303
2018-03-10 10:30:00,9399
2018-03-10 11:00:00,9505
2018-03-10 11:30:00,9562
2018-03-10 12:00:00,9702
2018-03-10 12:30:00,9704
2018-03-10 13:00:00,9655
2018-03-10 13:30:00,9367
2018-03-10 14:00:00,9106
2018-03-10 14:30:00,9066
2018-03-10 15:00:00,8832
2018-03-10 15:30:00,8570
2018-03-10 16:00:00,8366
2018-03-10 16:30:00,8229
2018-03-10 17:00:00,8227
2018-03-10 17:30:00,8149
2018-03-10 18:00:00,8316
2018-03-10 18:30:00,8496
2018-03-10 19:00:00,8958
2018-03-10 19:30:00,9239
2018-03-10 20:00:00,9331
2018-03-10 20:30:00,9048
2018-03-10 21:00:00,8781
2018-03-10 21:30:00,8428
2018-03-10 22:00:00,8200
2018-03-10 22:30:00,8198
2018-03-10 23:00:00,8865
2018-03-10 23:30:00,8568
2018-03-11 00:00:00,8370
2018-03-11 00:30:00,8132
2018-03-11 01:00:00,7767
2018-03-11 01:30:00,7387
2018-03-11 02:00:00,7121
2018-03-11 02:30:00,6989
2018-03-11 03:00:00,6691
2018-03-11 03:30:00,6620
2018-03-11 04:00:00,6438
2018-03-11 04:30:00,6435
2018-03-11 05:00:00,6451
2018-03-11 05:30:00,6501
2018-03-11 06:00:00,6542
2018-03-11 06:30:00,6603
2018-03-11 07:00:00,6610
2018-03-11 07:30:00,6687
2018-03-11 08:00:00,6756
2018-03-11 08:30:00,7115
2018-03-11 09:00:00,7316
2018-03-11 09:30:00,7555
2018-03-11 10:00:00,7828
2018-03-11 10:30:00,7915
2018-03-11 11:00:00,8046
2018-03-11 11:30:00,8135
2018-03-11 12:00:00,8188
2018-03-11 12:30:00,8277
2018-03-11 13:00:00,8070
2018-03-11 13:30:00,7868
2018-03-11 14:00:00,7693
2018-03-11 14:30:00,7777
2018-03-11 15:00:00,7554
2018-03-11 15:30:00,7327
2018-03-11 16:00:00,7247
2018-03-11 16:30:00,7160
2018-03-11 17:00:00,7172
2018-03-11 17:30:00,7170
2018-03-11 18:00:00,7394
2018-03-11 18:30:00,7662
2018-03-11 19:00:00,8306
2018-03-11 19:30:00,8934
2018-03-11 20:00:00,9028
2018-03-11 20:30:00,8748
2018-03-11 21:00:00,8587
2018-03-11 21:30:00,8252
2018-03-11 22:00:00,7970
2018-03-11 22:30:00,8002
2018-03-11 23:00:00,8548
2018-03-11 23:30:00,8270
2018-03-12 00:00:00,8062
2018-03-12 00:30:00,7857
2018-03-12 01:00:00,7469
2018-03-12 01:30:00,7035
2018-03-12 02:00:00,6863
2018-03-12 02:30:00,6824
2018-03-12 03:00:00,6626
2018-03-12 03:30:00,6497
2018-03-12 04:00:00,6435
2018-03-12 04:30:00,6380
2018-03-12 05:00:00,6543
2018-03-12 05:30:00,6814
2018-03-12 06:00:00,7205
2018-03-12 06:30:00,7821
2018-03-12 07:00:00,8369
2018-03-12 07:30:00,8971
2018-03-12 08:00:00,9468
2018-03-12 08:30:00,9593
2018-03-12 09:00:00,9802
2018-03-12 09:30:00,9826
2018-03-12 10:00:00,9906
2018-03-12 10:30:00,9896
2018-03-12 11:00:00,9784
2018-03-12 11:30:00,9895
2018-03-12 12:00:00,9924
2018-03-12 12:30:00,9935
2018-03-12 13:00:00,9837
2018-03-12 13:30:00,9754
2018-03-12 14:00:00,9682
2018-03-12 14:30:00,9759
2018-03-12 15:00:00,9440
2018-03-12 15:30:00,9371
2018-03-12 16:00:00,9409
2018-03-12 16:30:00,9398
2018-03-12 17:00:00,9364
2018-03-12 17:30:00,9409
2018-03-12 18:00:00,9424
2018-03-12 18:30:00,9676
2018-03-12 19:00:00,10315
2018-03-12 19:30:00,10764
2018-03-12 20:00:00,10743
2018-03-12 20:30:00,10284
2018-03-12 21:00:00,9911
2018-03-12 21:30:00,9438
2018-03-12 22:00:00,9048
2018-03-12 22:30:00,9080
2018-03-12 23:00:00,9488
2018-03-12 23:30:00,9171
2018-03-13 00:00:00,8955
2018-03-13 00:30:00,8555
2018-03-13 01:00:00,8145
2018-03-13 01:30:00,7789
2018-03-13 02:00:00,7445
2018-03-13 02:30:00,7379
2018-03-13 03:00:00,7229
2018-03-13 03:30:00,7108
2018-03-13 04:00:00,7046
2018-03-13 04:30:00,7078
2018-03-13 05:00:00,7144
2018-03-13 05:30:00,7445
2018-03-13 06:00:00,7795
2018-03-13 06:30:00,8545
2018-03-13 07:00:00,8993
2018-03-13 07:30:00,9665
2018-03-13 08:00:00,10184
2018-03-13 08:30:00,10309
2018-03-13 09:00:00,10514
2018-03-13 09:30:00,10531
2018-03-13 10:00:00,10538
2018-03-13 10:30:00,10479
2018-03-13 11:00:00,10515
2018-03-13 11:30:00,10375
2018-03-13 12:00:00,10498
2018-03-13 12:30:00,10502
2018-03-13 13:00:00,10238
2018-03-13 13:30:00,10142
2018-03-13 14:00:00,9888
2018-03-13 14:30:00,9953
2018-03-13 15:00:00,9672
2018-03-13 15:30:00,9532
2018-03-13 16:00:00,9505
2018-03-13 16:30:00,9430
2018-03-13 17:00:00,9456
2018-03-13 17:30:00,9589
2018-03-13 18:00:00,9728
2018-03-13 18:30:00,10055
2018-03-13 19:00:00,10531
2018-03-13 19:30:00,10980
2018-03-13 20:00:00,10957
2018-03-13 20:30:00,10560
2018-03-13 21:00:00,10169
2018-03-13 21:30:00,9653
2018-03-13 22:00:00,9235
2018-03-13 22:30:00,9229
2018-03-13 23:00:00,9737
2018-03-13 23:30:00,9415
2018-03-14 00:00:00,9210
2018-03-14 00:30:00,8867
2018-03-14 01:00:00,8386
2018-03-14 01:30:00,8040
2018-03-14 02:00:00,7752
2018-03-14 02:30:00,7738
2018-03-14 03:00:00,7579
2018-03-14 03:30:00,7471
2018-03-14 04:00:00,7460
2018-03-14 04:30:00,7509
2018-03-14 05:00:00,7652
2018-03-14 05:30:00,8120
2018-03-14 06:00:00,8392
2018-03-14 06:30:00,9100
2018-03-14 07:00:00,9557
2018-03-14 07:30:00,10150
2018-03-14 08:00:00,10488
2018-03-14 08:30:00,10847
2018-03-14 09:00:00,10828
2018-03-14 09:30:00,10807
2018-03-14 10:00:00,10725
2018-03-14 10:30:00,10521
2018-03-14 11:00:00,10485
2018-03-14 11:30:00,10152
2018-03-14 12:00:00,10214
2018-03-14 12:30:00,10124
2018-03-14 13:00:00,9935
2018-03-14 13:30:00,9679
2018-03-14 14:00:00,9543
2018-03-14 14:30:00,9438
2018-03-14 15:00:00,9225
2018-03-14 15:30:00,9012
2018-03-14 16:00:00,8943
2018-03-14 16:30:00,8979
2018-03-14 17:00:00,8951
2018-03-14 17:30:00,9031
2018-03-14 18:00:00,9217
2018-03-14 18:30:00,9554
2018-03-14 19:00:00,10093
2018-03-14 19:30:00,10635
2018-03-14 20:00:00,10561
2018-03-14 20:30:00,10173
2018-03-14 21:00:00,9837
2018-03-14 21:30:00,9296
2018-03-14 22:00:00,8985
2018-03-14 22:30:00,8960
2018-03-14 23:00:00,9458
2018-03-14 23:30:00,9135
2018-03-15 00:00:00,8841
2018-03-15 00:30:00,8558
2018-03-15 01:00:00,7994
2018-03-15 01:30:00,7531
2018-03-15 02:00:00,7297
2018-03-15 02:30:00,7259
2018-03-15 03:00:00,7056
2018-03-15 03:30:00,7013
2018-03-15 04:00:00,6881
2018-03-15 04:30:00,6945
2018-03-15 05:00:00,6963
2018-03-15 05:30:00,7343
2018-03-15 06:00:00,7680
2018-03-15 06:30:00,8174
2018-03-15 07:00:00,8707
2018-03-15 07:30:00,9340
2018-03-15 08:00:00,9885
2018-03-15 08:30:00,10029
2018-03-15 09:00:00,10109
2018-03-15 09:30:00,10268
2018-03-15 10:00:00,10333
2018-03-15 10:30:00,10305
2018-03-15 11:00:00,10287
2018-03-15 11:30:00,10230
2018-03-15 12:00:00,10386
2018-03-15 12:30:00,10308
2018-03-15 13:00:00,9992
2018-03-15 13:30:00,9818
2018-03-15 14:00:00,9559
2018-03-15 14:30:00,9552
2018-03-15 15:00:00,9346
2018-03-15 15:30:00,9167
2018-03-15 16:00:00,9016
2018-03-15 16:30:00,9076
2018-03-15 17:00:00,9175
2018-03-15 17:30:00,9367
2018-03-15 18:00:00,9621
2018-03-15 18:30:00,9712
2018-03-15 19:00:00,10186
2018-03-15 19:30:00,10660
2018-03-15 20:00:00,10587
2018-03-15 20:30:00,10105
2018-03-15 21:00:00,9837
2018-03-15 21:30:00,9327
2018-03-15 22:00:00,8938
2018-03-15 22:30:00,8932
2018-03-15 23:00:00,9391
2018-03-15 23:30:00,9089
2018-03-16 00:00:00,8774
2018-03-16 00:30:00,8457
2018-03-16 01:00:00,8016
2018-03-16 01:30:00,7669
2018-03-16 02:00:00,7355
2018-03-16 02:30:00,7326
2018-03-16 03:00:00,7156
2018-03-16 03:30:00,7055
2018-03-16 04:00:00,6980
2018-03-16 04:30:00,7052
2018-03-16 05:00:00,7207
2018-03-16 05:30:00,7565
2018-03-16 06:00:00,7852
2018-03-16 06:30:00,8479
2018-03-16 07:00:00,8988
2018-03-16 07:30:00,9632
2018-03-16 08:00:00,10026
2018-03-16 08:30:00,10131
2018-03-16 09:00:00,10221
2018-03-16 09:30:00,10290
2018-03-16 10:00:00,10228
2018-03-16 10:30:00,10129
2018-03-16 11:00:00,10052
2018-03-16 11:30:00,9978
2018-03-16 12:00:00,10019
2018-03-16 12:30:00,9882
2018-03-16 13:00:00,9734
2018-03-16 13:30:00,9586
2018-03-16 14:00:00,9406
2018-03-16 14:30:00,9425
2018-03-16 15:00:00,9184
2018-03-16 15:30:00,8894
2018-03-16 16:00:00,8844
2018-03-16 16:30:00,8755
2018-03-16 17:00:00,8773
2018-03-16 17:30:00,8889
2018-03-16 18:00:00,9160
2018-03-16 18:30:00,9416
2018-03-16 19:00:00,9844
2018-03-16 19:30:00,10268
2018-03-16 20:00:00,10340
2018-03-16 20:30:00,9877
2018-03-16 21:00:00,9543
2018-03-16 21:30:00,9137
2018-03-16 22:00:00,8880
2018-03-16 22:30:00,8937
2018-03-16 23:00:00,9438
2018-03-16 23:30:00,9189
2018-03-17 00:00:00,8915
2018-03-17 00:30:00,8654
2018-03-17 01:00:00,8215
2018-03-17 01:30:00,7783
2018-03-17 02:00:00,7465
2018-03-17 02:30:00,7409
2018-03-17 03:00:00,7225
2018-03-17 03:30:00,7124
2018-03-17 04:00:00,7008
2018-03-17 04:30:00,7047
2018-03-17 05:00:00,7083
2018-03-17 05:30:00,7197
2018-03-17 06:00:00,7360
2018-03-17 06:30:00,7454
2018-03-17 07:00:00,7579
2018-03-17 07:30:00,7797
2018-03-17 08:00:00,8042
2018-03-17 08:30:00,8392
2018-03-17 09:00:00,8727
2018-03-17 09:30:00,9115
2018-03-17 10:00:00,9302
2018-03-17 10:30:00,9579
2018-03-17 11:00:00,9873
2018-03-17 11:30:00,9960
2018-03-17 12:00:00,10292
2018-03-17 12:30:00,10464
2018-03-17 13:00:00,10455
2018-03-17 13:30:00,10354
2018-03-17 14:00:00,10207
2018-03-17 14:30:00,10367
2018-03-17 15:00:00,10263
2018-03-17 15:30:00,10182
2018-03-17 16:00:00,10166
2018-03-17 16:30:00,10139
2018-03-17 17:00:00,10213
2018-03-17 17:30:00,10201
2018-03-17 18:00:00,10409
2018-03-17 18:30:00,10588
2018-03-17 19:00:00,10893
2018-03-17 19:30:00,11332
2018-03-17 20:00:00,11340
2018-03-17 20:30:00,11020
2018-03-17 21:00:00,10757
2018-03-17 21:30:00,10496
2018-03-17 22:00:00,10124
2018-03-17 22:30:00,10231
2018-03-17 23:00:00,10879
2018-03-17 23:30:00,10536
2018-03-18 00:30:00,10091
2018-03-18 01:00:00,9612
2018-03-18 01:30:00,9208
2018-03-18 02:00:00,8898
2018-03-18 02:30:00,8827
2018-03-18 03:00:00,8488
2018-03-18 03:30:00,8426
2018-03-18 04:00:00,8304
2018-03-18 04:30:00,8345
2018-03-18 05:00:00,8375
2018-03-18 05:30:00,8601
2018-03-18 06:00:00,8549
2018-03-18 06:30:00,8662
2018-03-18 07:00:00,8568
2018-03-18 07:30:00,8825
2018-03-18 08:00:00,8979
2018-03-18 08:30:00,9236
2018-03-18 09:00:00,9648
2018-03-18 09:30:00,9950
2018-03-18 10:00:00,10273
2018-03-18 10:30:00,10539
2018-03-18 11:00:00,10778
2018-03-18 11:30:00,11016
2018-03-18 12:00:00,11180
2018-03-18 12:30:00,11337
2018-03-18 13:00:00,11349
2018-03-18 13:30:00,11055
2018-03-18 14:00:00,10843
2018-03-18 14:30:00,10914
2018-03-18 15:00:00,10760
2018-03-18 15:30:00,10656
2018-03-18 16:00:00,10606
2018-03-18 16:30:00,10636
2018-03-18 17:00:00,10585
2018-03-18 17:30:00,10637
2018-03-18 18:00:00,10940
2018-03-18 18:30:00,11244
2018-03-18 19:00:00,11796
2018-03-18 19:30:00,12220
2018-03-18 20:00:00,12240
2018-03-18 20:30:00,11978
2018-03-18 21:00:00,11708
2018-03-18 21:30:00,11398
2018-03-18 22:00:00,11054
2018-03-18 22:30:00,11169
2018-03-18 23:00:00,11640
2018-03-18 23:30:00,11334
2018-03-19 00:00:00,11089
2018-03-19 00:30:00,10785
2018-03-19 01:00:00,10427
2018-03-19 01:30:00,9906
2018-03-19 02:00:00,9677
2018-03-19 02:30:00,9734
2018-03-19 03:00:00,9562
2018-03-19 03:30:00,9404
2018-03-19 04:00:00,9324
2018-03-19 04:30:00,9350
2018-03-19 05:00:00,9452
2018-03-19 05:30:00,9803
2018-03-19 06:00:00,10159
2018-03-19 06:30:00,10715
2018-03-19 07:00:00,11100
2018-03-19 07:30:00,11934
2018-03-19 08:00:00,12372
2018-03-19 08:30:00,12616
2018-03-19 09:00:00,12830
2018-03-19 09:30:00,13025
2018-03-19 10:00:00,13130
2018-03-19 10:30:00,13228
2018-03-19 11:00:00,13368
2018-03-19 11:30:00,13374
2018-03-19 12:00:00,13498
2018-03-19 12:30:00,13488
2018-03-19 13:00:00,13341
2018-03-19 13:30:00,13231
2018-03-19 14:00:00,13173
2018-03-19 14:30:00,13311
2018-03-19 15:00:00,13052
2018-03-19 15:30:00,12818
2018-03-19 16:00:00,12892
2018-03-19 16:30:00,12901
2018-03-19 17:00:00,12984
2018-03-19 17:30:00,13075
2018-03-19 18:00:00,13181
2018-03-19 18:30:00,13368
2018-03-19 19:00:00,13760
2018-03-19 19:30:00,14093
2018-03-19 20:00:00,13943
2018-03-19 20:30:00,13402
2018-03-19 21:00:00,12993
2018-03-19 21:30:00,12482
2018-03-19 22:00:00,11968
2018-03-19 22:30:00,12033
2018-03-19 23:00:00,12503
2018-03-19 23:30:00,12091
2018-03-20 00:00:00,11680
2018-03-20 00:30:00,11334
2018-03-20 01:00:00,10937
2018-03-20 01:30:00,10444
2018-03-20 02:00:00,10136
2018-03-20 02:30:00,10225
2018-03-20 03:00:00,10049
2018-03-20 03:30:00,9995
2018-03-20 04:00:00,9885
2018-03-20 04:30:00,10010
2018-03-20 05:00:00,10070
2018-03-20 05:30:00,10467
2018-03-20 06:00:00,10864
2018-03-20 06:30:00,11589
2018-03-20 07:00:00,11935
2018-03-20 07:30:00,12653
2018-03-20 08:00:00,13146
2018-03-20 08:30:00,13139
2018-03-20 09:00:00,13212
2018-03-20 09:30:00,13171
2018-03-20 10:00:00,13159
2018-03-20 10:30:00,13006
2018-03-20 11:00:00,12874
2018-03-20 11:30:00,12831
2018-03-20 12:00:00,13046
2018-03-20 12:30:00,13107
2018-03-20 13:00:00,12944
2018-03-20 13:30:00,12800
2018-03-20 14:00:00,12559
2018-03-20 14:30:00,12345
2018-03-20 15:00:00,12120
2018-03-20 15:30:00,11763
2018-03-20 16:00:00,11642
2018-03-20 16:30:00,11528
2018-03-20 17:00:00,11399
2018-03-20 17:30:00,11476
2018-03-20 18:00:00,11566
2018-03-20 18:30:00,11832
2018-03-20 19:00:00,12390
2018-03-20 19:30:00,13089
2018-03-20 20:00:00,13164
2018-03-20 20:30:00,12764
2018-03-20 21:00:00,12320
2018-03-20 21:30:00,11833
2018-03-20 22:00:00,11472
2018-03-20 22:30:00,11447
2018-03-20 23:00:00,11986
2018-03-20 23:30:00,11620
2018-03-21 00:00:00,11284
2018-03-21 00:30:00,10957
2018-03-21 01:00:00,10549
2018-03-21 01:30:00,10133
2018-03-21 02:00:00,9805
2018-03-21 02:30:00,9859
2018-03-21 03:00:00,9711
2018-03-21 03:30:00,9495
2018-03-21 04:00:00,9404
2018-03-21 04:30:00,9469
2018-03-21 05:00:00,9650
2018-03-21 05:30:00,9994
2018-03-21 06:00:00,10299
2018-03-21 06:30:00,10982
2018-03-21 07:00:00,11329
2018-03-21 07:30:00,11999
2018-03-21 08:00:00,12447
2018-03-21 08:30:00,12609
2018-03-21 09:00:00,12796
2018-03-21 09:30:00,12854
2018-03-21 10:00:00,12918
2018-03-21 10:30:00,12826
2018-03-21 11:00:00,12750
2018-03-21 11:30:00,12547
2018-03-21 12:00:00,12544
2018-03-21 12:30:00,12485
2018-03-21 13:00:00,12090
2018-03-21 13:30:00,11883
2018-03-21 14:00:00,11673
2018-03-21 14:30:00,11561
2018-03-21 15:00:00,11373
2018-03-21 15:30:00,11119
2018-03-21 16:00:00,11049
2018-03-21 16:30:00,11052
2018-03-21 17:00:00,11089
2018-03-21 17:30:00,11179
2018-03-21 18:00:00,11325
2018-03-21 18:30:00,11522
2018-03-21 19:00:00,12006
2018-03-21 19:30:00,12601
2018-03-21 20:00:00,12647
2018-03-21 20:30:00,12177
2018-03-21 21:00:00,11897
2018-03-21 21:30:00,11406
2018-03-21 22:00:00,11043
2018-03-21 22:30:00,11086
2018-03-21 23:00:00,11568
2018-03-21 23:30:00,11207
2018-03-22 00:00:00,10891
2018-03-22 00:30:00,10592
2018-03-22 01:00:00,10095
2018-03-22 01:30:00,9802
2018-03-22 02:00:00,9482
2018-03-22 02:30:00,9572
2018-03-22 03:00:00,9235
2018-03-22 03:30:00,9176
2018-03-22 04:00:00,9070
2018-03-22 04:30:00,9150
2018-03-22 05:00:00,9161
2018-03-22 05:30:00,9465
2018-03-22 06:00:00,9692
2018-03-22 06:30:00,10296
2018-03-22 07:00:00,10559
2018-03-22 07:30:00,11273
2018-03-22 08:00:00,11648
2018-03-22 08:30:00,11842
2018-03-22 09:00:00,12056
2018-03-22 09:30:00,12205
2018-03-22 10:00:00,12228
2018-03-22 10:30:00,12199
2018-03-22 11:00:00,12236
2018-03-22 11:30:00,12065
2018-03-22 12:00:00,12153
2018-03-22 12:30:00,12103
2018-03-22 13:00:00,11879
2018-03-22 13:30:00,11795
2018-03-22 14:00:00,11539
2018-03-22 14:30:00,11695
2018-03-22 15:00:00,11394
2018-03-22 15:30:00,11189
2018-03-22 16:00:00,11139
2018-03-22 16:30:00,11096
2018-03-22 17:00:00,11069
2018-03-22 17:30:00,11175
2018-03-22 18:00:00,11308
2018-03-22 18:30:00,11557
2018-03-22 19:00:00,11888
2018-03-22 19:30:00,12282
2018-03-22 20:00:00,12254
2018-03-22 20:30:00,11751
2018-03-22 21:00:00,11388
2018-03-22 21:30:00,10992
2018-03-22 22:00:00,10584
2018-03-22 22:30:00,10574
2018-03-22 23:00:00,11056
2018-03-22 23:30:00,10575
2018-03-23 00:00:00,10309
2018-03-23 00:30:00,10088
2018-03-23 01:00:00,9569
2018-03-23 01:30:00,9140
2018-03-23 02:00:00,8855
2018-03-23 02:30:00,8881
2018-03-23 03:00:00,8632
2018-03-23 03:30:00,8502
2018-03-23 04:00:00,8411
2018-03-23 04:30:00,8489
2018-03-23 05:00:00,8590
2018-03-23 05:30:00,8939
2018-03-23 06:00:00,9275
2018-03-23 06:30:00,9931
2018-03-23 07:00:00,10288
2018-03-23 07:30:00,11034
2018-03-23 08:00:00,11431
2018-03-23 08:30:00,11609
2018-03-23 09:00:00,11772
2018-03-23 09:30:00,11800
2018-03-23 10:00:00,11848
2018-03-23 10:30:00,11863
2018-03-23 11:00:00,11857
2018-03-23 11:30:00,11896
2018-03-23 12:00:00,11988
2018-03-23 12:30:00,11956
2018-03-23 13:00:00,11842
2018-03-23 13:30:00,11685
2018-03-23 14:00:00,11558
2018-03-23 14:30:00,11614
2018-03-23 15:00:00,11427
2018-03-23 15:30:00,11302
2018-03-23 16:00:00,11237
2018-03-23 16:30:00,11149
2018-03-23 17:00:00,11162
2018-03-23 17:30:00,11201
2018-03-23 18:00:00,11305
2018-03-23 18:30:00,11426
2018-03-23 19:00:00,11763
2018-03-23 19:30:00,12123
2018-03-23 20:00:00,12011
2018-03-23 20:30:00,11523
2018-03-23 21:00:00,11196
2018-03-23 21:30:00,10750
2018-03-23 22:00:00,10402
2018-03-23 22:30:00,10395
2018-03-23 23:00:00,10824
2018-03-23 23:30:00,10529
2018-03-24 00:00:00,10231
2018-03-24 00:30:00,9851
2018-03-24 01:00:00,9416
2018-03-24 01:30:00,8980
2018-03-24 02:00:00,8631
2018-03-24 02:30:00,8555
2018-03-24 03:00:00,8336
2018-03-24 03:30:00,8151
2018-03-24 04:00:00,8049
2018-03-24 04:30:00,8063
2018-03-24 05:00:00,8112
2018-03-24 05:30:00,8265
2018-03-24 06:00:00,8359
2018-03-24 06:30:00,8527
2018-03-24 07:00:00,8472
2018-03-24 07:30:00,8807
2018-03-24 08:00:00,9014
2018-03-24 08:30:00,9414
2018-03-24 09:00:00,9733
2018-03-24 09:30:00,9852
2018-03-24 10:00:00,10045
2018-03-24 10:30:00,10005
2018-03-24 11:00:00,10003
2018-03-24 11:30:00,9891
2018-03-24 12:00:00,9985
2018-03-24 12:30:00,9940
2018-03-24 13:00:00,9763
2018-03-24 13:30:00,9490
2018-03-24 14:00:00,9317
2018-03-24 14:30:00,9303
2018-03-24 15:00:00,9031
2018-03-24 15:30:00,8765
2018-03-24 16:00:00,8607
2018-03-24 16:30:00,8528
2018-03-24 17:00:00,8477
2018-03-24 17:30:00,8503
2018-03-24 18:00:00,8666
2018-03-24 18:30:00,8834
2018-03-24 19:00:00,9206
2018-03-24 19:30:00,9823
2018-03-24 20:00:00,10029
2018-03-24 20:30:00,9821
2018-03-24 21:00:00,9578
2018-03-24 21:30:00,9269
2018-03-24 22:00:00,8950
2018-03-24 22:30:00,9049
2018-03-24 23:00:00,9615
2018-03-24 23:30:00,9393
2018-03-25 00:00:00,9183
2018-03-25 00:30:00,9000
2018-03-25 01:00:00,8570
2018-03-25 01:30:00,8209
2018-03-25 02:00:00,7917
2018-03-25 02:30:00,8209
2018-03-25 03:00:00,7917
2018-03-25 03:30:00,7820
2018-03-25 04:00:00,7610
2018-03-25 04:30:00,7460
2018-03-25 05:00:00,7379
2018-03-25 05:30:00,7441
2018-03-25 06:00:00,7432
2018-03-25 06:30:00,7439
2018-03-25 07:00:00,7480
2018-03-25 07:30:00,7642
2018-03-25 08:00:00,7483
2018-03-25 08:30:00,7818
2018-03-25 09:00:00,8051
2018-03-25 09:30:00,8270
2018-03-25 10:00:00,8559
2018-03-25 10:30:00,8737
2018-03-25 11:00:00,8905
2018-03-25 11:30:00,9055
2018-03-25 12:00:00,9167
2018-03-25 12:30:00,9242
2018-03-25 13:00:00,9204
2018-03-25 13:30:00,8956
2018-03-25 14:00:00,8607
2018-03-25 14:30:00,8638
2018-03-25 15:00:00,8419
2018-03-25 15:30:00,8257
2018-03-25 16:00:00,8073
2018-03-25 16:30:00,7860
2018-03-25 17:00:00,7799
2018-03-25 17:30:00,7802
2018-03-25 18:00:00,7970
2018-03-25 18:30:00,8189
2018-03-25 19:00:00,8527
2018-03-25 19:30:00,8898
2018-03-25 20:00:00,9212
2018-03-25 20:30:00,9380
2018-03-25 21:00:00,9329
2018-03-25 21:30:00,9042
2018-03-25 22:00:00,8738
2018-03-25 22:30:00,8762
2018-03-25 23:00:00,9249
2018-03-25 23:30:00,9023
2018-03-26 00:00:00,8709
2018-03-26 00:30:00,8473
2018-03-26 01:00:00,8075
2018-03-26 01:30:00,7698
2018-03-26 02:00:00,7424
2018-03-26 02:30:00,7457
2018-03-26 03:00:00,7251
2018-03-26 03:30:00,7110
2018-03-26 04:00:00,7004
2018-03-26 04:30:00,7036
2018-03-26 05:00:00,7130
2018-03-26 05:30:00,7458
2018-03-26 06:00:00,7778
2018-03-26 06:30:00,8422
2018-03-26 07:00:00,9003
2018-03-26 07:30:00,9799
2018-03-26 08:00:00,10207
2018-03-26 08:30:00,10392
2018-03-26 09:00:00,10443
2018-03-26 09:30:00,10496
2018-03-26 10:00:00,10484
2018-03-26 10:30:00,10384
2018-03-26 11:00:00,10247
2018-03-26 11:30:00,10109
2018-03-26 12:00:00,10108
2018-03-26 12:30:00,9990
2018-03-26 13:00:00,9836
2018-03-26 13:30:00,9616
2018-03-26 14:00:00,9395
2018-03-26 14:30:00,9381
2018-03-26 15:00:00,9225
2018-03-26 15:30:00,9206
2018-03-26 16:00:00,9203
2018-03-26 16:30:00,9105
2018-03-26 17:00:00,9222
2018-03-26 17:30:00,9314
2018-03-26 18:00:00,9412
2018-03-26 18:30:00,9570
2018-03-26 19:00:00,9882
2018-03-26 19:30:00,10100
2018-03-26 20:00:00,10245
2018-03-26 20:30:00,10101
2018-03-26 21:00:00,10007
2018-03-26 21:30:00,9489
2018-03-26 22:00:00,9115
2018-03-26 22:30:00,9168
2018-03-26 23:00:00,9606
2018-03-26 23:30:00,9307
2018-03-27 00:00:00,9007
2018-03-27 00:30:00,8617
2018-03-27 01:00:00,8158
2018-03-27 01:30:00,7711
2018-03-27 02:00:00,7525
2018-03-27 02:30:00,7532
2018-03-27 03:00:00,7198
2018-03-27 03:30:00,7171
2018-03-27 04:00:00,7046
2018-03-27 04:30:00,7037
2018-03-27 05:00:00,7184
2018-03-27 05:30:00,7509
2018-03-27 06:00:00,7772
2018-03-27 06:30:00,8429
2018-03-27 07:00:00,9008
2018-03-27 07:30:00,9841
2018-03-27 08:00:00,10315
2018-03-27 08:30:00,10631
2018-03-27 09:00:00,10866
2018-03-27 09:30:00,10869
2018-03-27 10:00:00,11007
2018-03-27 10:30:00,11062
2018-03-27 11:00:00,11118
2018-03-27 11:30:00,11171
2018-03-27 12:00:00,11323
2018-03-27 12:30:00,11331
2018-03-27 13:00:00,11158
2018-03-27 13:30:00,11050
2018-03-27 14:00:00,10862
2018-03-27 14:30:00,10892
2018-03-27 15:00:00,10603
2018-03-27 15:30:00,10197
2018-03-27 16:00:00,10007
2018-03-27 16:30:00,9928
2018-03-27 17:00:00,9817
2018-03-27 17:30:00,9700
2018-03-27 18:00:00,9834
2018-03-27 18:30:00,9956
2018-03-27 19:00:00,10238
2018-03-27 19:30:00,10455
2018-03-27 20:00:00,10511
2018-03-27 20:30:00,10399
2018-03-27 21:00:00,10226
2018-03-27 21:30:00,9683
2018-03-27 22:00:00,9372
2018-03-27 22:30:00,9280
2018-03-27 23:00:00,9762
2018-03-27 23:30:00,9499
2018-03-28 00:00:00,9192
2018-03-28 00:30:00,8846
2018-03-28 01:00:00,8313
2018-03-28 01:30:00,7930
2018-03-28 02:00:00,7581
2018-03-28 02:30:00,7567
2018-03-28 03:00:00,7427
2018-03-28 03:30:00,7230
2018-03-28 04:00:00,7234
2018-03-28 04:30:00,7335
2018-03-28 05:00:00,7415
2018-03-28 05:30:00,7722
2018-03-28 06:00:00,8062
2018-03-28 06:30:00,8634
2018-03-28 07:00:00,9187
2018-03-28 07:30:00,9985
2018-03-28 08:00:00,10303
2018-03-28 08:30:00,10635
2018-03-28 09:00:00,10873
2018-03-28 09:30:00,10929
2018-03-28 10:00:00,10999
2018-03-28 10:30:00,10987
2018-03-28 11:00:00,10956
2018-03-28 11:30:00,10956
2018-03-28 12:00:00,11038
2018-03-28 12:30:00,10898
2018-03-28 13:00:00,10643
2018-03-28 13:30:00,10387
2018-03-28 14:00:00,10152
2018-03-28 14:30:00,10177
2018-03-28 15:00:00,9973
2018-03-28 15:30:00,9889
2018-03-28 16:00:00,9852
2018-03-28 16:30:00,9836
2018-03-28 17:00:00,9849
2018-03-28 17:30:00,9829
2018-03-28 18:00:00,9882
2018-03-28 18:30:00,9973
2018-03-28 19:00:00,10157
2018-03-28 19:30:00,10383
2018-03-28 20:00:00,10542
2018-03-28 20:30:00,10544
2018-03-28 21:00:00,10571
2018-03-28 21:30:00,10180
2018-03-28 22:00:00,9811
2018-03-28 22:30:00,9875
2018-03-28 23:00:00,10409
2018-03-28 23:30:00,10110
2018-03-29 00:30:00,9477
2018-03-29 01:00:00,9019
2018-03-29 01:30:00,8612
2018-03-29 02:00:00,8270
2018-03-29 02:30:00,8213
2018-03-29 03:00:00,7999
2018-03-29 03:30:00,7922
2018-03-29 04:00:00,7864
2018-03-29 04:30:00,7854
2018-03-29 05:00:00,7908
2018-03-29 05:30:00,8196
2018-03-29 06:00:00,8547
2018-03-29 06:30:00,9293
2018-03-29 07:00:00,9838
2018-03-29 07:30:00,10660
2018-03-29 08:00:00,10998
2018-03-29 08:30:00,11188
2018-03-29 09:00:00,11191
2018-03-29 09:30:00,11134
2018-03-29 10:00:00,11032
2018-03-29 10:30:00,10885
2018-03-29 11:00:00,10823
2018-03-29 11:30:00,10639
2018-03-29 12:00:00,10683
2018-03-29 12:30:00,10540
2018-03-29 13:00:00,10348
2018-03-29 13:30:00,10190
2018-03-29 14:00:00,9940
2018-03-29 14:30:00,9929
2018-03-29 15:00:00,9700
2018-03-29 15:30:00,9498
2018-03-29 16:00:00,9425
2018-03-29 16:30:00,9389
2018-03-29 17:00:00,9424
2018-03-29 17:30:00,9521
2018-03-29 18:00:00,9639
2018-03-29 18:30:00,9763
2018-03-29 19:00:00,10360
2018-03-29 19:30:00,10553
2018-03-29 20:00:00,10607
2018-03-29 20:30:00,10525
2018-03-29 21:00:00,10395
2018-03-29 21:30:00,9979
2018-03-29 22:00:00,9635
2018-03-29 22:30:00,9636
2018-03-29 23:00:00,10086
2018-03-29 23:30:00,9787
2018-03-30 00:00:00,9552
2018-03-30 00:30:00,9160
2018-03-30 01:00:00,8665
2018-03-30 01:30:00,8198
2018-03-30 02:00:00,7962
2018-03-30 02:30:00,7903
2018-03-30 03:00:00,7671
2018-03-30 03:30:00,7581
2018-03-30 04:00:00,7481
2018-03-30 04:30:00,7483
2018-03-30 05:00:00,7591
2018-03-30 05:30:00,7851
2018-03-30 06:00:00,8187
2018-03-30 06:30:00,8821
2018-03-30 07:00:00,9338
2018-03-30 07:30:00,10137
2018-03-30 08:00:00,10448
2018-03-30 08:30:00,10532
2018-03-30 09:00:00,10704
2018-03-30 09:30:00,10782
2018-03-30 10:00:00,10806
2018-03-30 10:30:00,10739
2018-03-30 11:00:00,10788
2018-03-30 11:30:00,10757
2018-03-30 12:00:00,10737
2018-03-30 12:30:00,10652
2018-03-30 13:00:00,10528
2018-03-30 13:30:00,10413
2018-03-30 14:00:00,10350
2018-03-30 14:30:00,10489
2018-03-30 15:00:00,10287
2018-03-30 15:30:00,10088
2018-03-30 16:00:00,9994
2018-03-30 16:30:00,9952
2018-03-30 17:00:00,9876
2018-03-30 17:30:00,9739
2018-03-30 18:00:00,9740
2018-03-30 18:30:00,9811
2018-03-30 19:00:00,9847
2018-03-30 19:30:00,9919
2018-03-30 20:00:00,10001
2018-03-30 20:30:00,10036
2018-03-30 21:00:00,10093
2018-03-30 21:30:00,9779
2018-03-30 22:00:00,9462
2018-03-30 22:30:00,9506
2018-03-30 23:00:00,10034
2018-03-30 23:30:00,9757
2018-03-31 00:00:00,9487
2018-03-31 00:30:00,9230
2018-03-31 01:00:00,8755
2018-03-31 01:30:00,8287
2018-03-31 02:00:00,8025
2018-03-31 02:30:00,7934
2018-03-31 03:00:00,7657
2018-03-31 03:30:00,7560
2018-03-31 04:00:00,7458
2018-03-31 04:30:00,7410
2018-03-31 05:00:00,7479
2018-03-31 05:30:00,7630
2018-03-31 06:00:00,7711
2018-03-31 06:30:00,7906
2018-03-31 07:00:00,7990
2018-03-31 07:30:00,8243
2018-03-31 08:00:00,8393
2018-03-31 08:30:00,8615
2018-03-31 09:00:00,8945
2018-03-31 09:30:00,9240
2018-03-31 10:00:00,9326
2018-03-31 10:30:00,9428
2018-03-31 11:00:00,9559
2018-03-31 11:30:00,9525
2018-03-31 12:00:00,9694
2018-03-31 12:30:00,9771
2018-03-31 13:00:00,9711
2018-03-31 13:30:00,9578
2018-03-31 14:00:00,9336
2018-03-31 14:30:00,9365
2018-03-31 15:00:00,9221
2018-03-31 15:30:00,9020
2018-03-31 16:00:00,8830
2018-03-31 16:30:00,8681
2018-03-31 17:00:00,8590
2018-03-31 17:30:00,8583
2018-03-31 18:00:00,8629
2018-03-31 18:30:00,8617
2018-03-31 19:00:00,8851
2018-03-31 19:30:00,9010
2018-03-31 20:00:00,9126
2018-03-31 20:30:00,9204
2018-03-31 21:00:00,9312
2018-03-31 21:30:00,9054
2018-03-31 22:00:00,8891
2018-03-31 22:30:00,9014
2018-03-31 23:00:00,9555
2018-03-31 23:30:00,9497